FileName_OrigGFP,PathName_OrigGFP,FileName_OrigDNA,PathName_OrigDNA,Metadata_Number,Metadata_Field,Metadata_Dose,Metadata_PosNegCtrls
49_1_0.JPG,/imaging/analysis/2006_09_29_ScreeningPaper/iCyte/images,49_1_1.JPG,/imaging/analysis/2006_09_29_ScreeningPaper/iCyte/images,49,1,1000,1
49_2_0.JPG,/imaging/analysis/2006_09_29_ScreeningPaper/iCyte/images,49_2_1.JPG,/imaging/analysis/2006_09_29_ScreeningPaper/iCyte/images,49,2,1000,1
49_3_0.JPG,/imaging/analysis/2006_09_29_ScreeningPaper/iCyte/images,49_3_1.JPG,/imaging/analysis/2006_09_29_ScreeningPaper/iCyte/images,49,3,1000,1
49_4_0.JPG,/imaging/analysis/2006_09_29_ScreeningPaper/iCyte/images,49_4_1.JPG,/imaging/analysis/2006_09_29_ScreeningPaper/iCyte/images,49,4,1000,1
50_1_0.JPG,/imaging/analysis/2006_09_29_ScreeningPaper/iCyte/images,50_1_1.JPG,/imaging/analysis/2006_09_29_ScreeningPaper/iCyte/images,50,1,333,0.5
50_2_0.JPG,/imaging/analysis/2006_09_29_ScreeningPaper/iCyte/images,50_2_1.JPG,/imaging/analysis/2006_09_29_ScreeningPaper/iCyte/images,50,2,333,0.5
50_3_0.JPG,/imaging/analysis/2006_09_29_ScreeningPaper/iCyte/images,50_3_1.JPG,/imaging/analysis/2006_09_29_ScreeningPaper/iCyte/images,50,3,333,0.5
50_4_0.JPG,/imaging/analysis/2006_09_29_ScreeningPaper/iCyte/images,50_4_1.JPG,/imaging/analysis/2006_09_29_ScreeningPaper/iCyte/images,50,4,333,0.5
51_1_0.JPG,/imaging/analysis/2006_09_29_ScreeningPaper/iCyte/images,51_1_1.JPG,/imaging/analysis/2006_09_29_ScreeningPaper/iCyte/images,51,1,111,0.5
51_2_0.JPG,/imaging/analysis/2006_09_29_ScreeningPaper/iCyte/images,51_2_1.JPG,/imaging/analysis/2006_09_29_ScreeningPaper/iCyte/images,51,2,111,0.5
51_3_0.JPG,/imaging/analysis/2006_09_29_ScreeningPaper/iCyte/images,51_3_1.JPG,/imaging/analysis/2006_09_29_ScreeningPaper/iCyte/images,51,3,111,0.5
51_4_0.JPG,/imaging/analysis/2006_09_29_ScreeningPaper/iCyte/images,51_4_1.JPG,/imaging/analysis/2006_09_29_ScreeningPaper/iCyte/images,51,4,111,0.5
52_1_0.JPG,/imaging/analysis/2006_09_29_ScreeningPaper/iCyte/images,52_1_1.JPG,/imaging/analysis/2006_09_29_ScreeningPaper/iCyte/images,52,1,37,0.5
52_2_0.JPG,/imaging/analysis/2006_09_29_ScreeningPaper/iCyte/images,52_2_1.JPG,/imaging/analysis/2006_09_29_ScreeningPaper/iCyte/images,52,2,37,0.5
52_3_0.JPG,/imaging/analysis/2006_09_29_ScreeningPaper/iCyte/images,52_3_1.JPG,/imaging/analysis/2006_09_29_ScreeningPaper/iCyte/images,52,3,37,0.5
52_4_0.JPG,/imaging/analysis/2006_09_29_ScreeningPaper/iCyte/images,52_4_1.JPG,/imaging/analysis/2006_09_29_ScreeningPaper/iCyte/images,52,4,37,0.5
53_1_0.JPG,/imaging/analysis/2006_09_29_ScreeningPaper/iCyte/images,53_1_1.JPG,/imaging/analysis/2006_09_29_ScreeningPaper/iCyte/images,53,1,12,0.5
53_2_0.JPG,/imaging/analysis/2006_09_29_ScreeningPaper/iCyte/images,53_2_1.JPG,/imaging/analysis/2006_09_29_ScreeningPaper/iCyte/images,53,2,12,0.5
53_3_0.JPG,/imaging/analysis/2006_09_29_ScreeningPaper/iCyte/images,53_3_1.JPG,/imaging/analysis/2006_09_29_ScreeningPaper/iCyte/images,53,3,12,0.5
53_4_0.JPG,/imaging/analysis/2006_09_29_ScreeningPaper/iCyte/images,53_4_1.JPG,/imaging/analysis/2006_09_29_ScreeningPaper/iCyte/images,53,4,12,0.5
54_1_0.JPG,/imaging/analysis/2006_09_29_ScreeningPaper/iCyte/images,54_1_1.JPG,/imaging/analysis/2006_09_29_ScreeningPaper/iCyte/images,54,1,4.1,0.5
54_2_0.JPG,/imaging/analysis/2006_09_29_ScreeningPaper/iCyte/images,54_2_1.JPG,/imaging/analysis/2006_09_29_ScreeningPaper/iCyte/images,54,2,4.1,0.5
54_3_0.JPG,/imaging/analysis/2006_09_29_ScreeningPaper/iCyte/images,54_3_1.JPG,/imaging/analysis/2006_09_29_ScreeningPaper/iCyte/images,54,3,4.1,0.5
54_4_0.JPG,/imaging/analysis/2006_09_29_ScreeningPaper/iCyte/images,54_4_1.JPG,/imaging/analysis/2006_09_29_ScreeningPaper/iCyte/images,54,4,4.1,0.5
55_1_0.JPG,/imaging/analysis/2006_09_29_ScreeningPaper/iCyte/images,55_1_1.JPG,/imaging/analysis/2006_09_29_ScreeningPaper/iCyte/images,55,1,1.4,0.5
55_2_0.JPG,/imaging/analysis/2006_09_29_ScreeningPaper/iCyte/images,55_2_1.JPG,/imaging/analysis/2006_09_29_ScreeningPaper/iCyte/images,55,2,1.4,0.5
55_3_0.JPG,/imaging/analysis/2006_09_29_ScreeningPaper/iCyte/images,55_3_1.JPG,/imaging/analysis/2006_09_29_ScreeningPaper/iCyte/images,55,3,1.4,0.5
55_4_0.JPG,/imaging/analysis/2006_09_29_ScreeningPaper/iCyte/images,55_4_1.JPG,/imaging/analysis/2006_09_29_ScreeningPaper/iCyte/images,55,4,1.4,0.5
56_1_0.JPG,/imaging/analysis/2006_09_29_ScreeningPaper/iCyte/images,56_1_1.JPG,/imaging/analysis/2006_09_29_ScreeningPaper/iCyte/images,56,1,0.457,0.5
56_2_0.JPG,/imaging/analysis/2006_09_29_ScreeningPaper/iCyte/images,56_2_1.JPG,/imaging/analysis/2006_09_29_ScreeningPaper/iCyte/images,56,2,0.457,0.5
56_3_0.JPG,/imaging/analysis/2006_09_29_ScreeningPaper/iCyte/images,56_3_1.JPG,/imaging/analysis/2006_09_29_ScreeningPaper/iCyte/images,56,3,0.457,0.5
56_4_0.JPG,/imaging/analysis/2006_09_29_ScreeningPaper/iCyte/images,56_4_1.JPG,/imaging/analysis/2006_09_29_ScreeningPaper/iCyte/images,56,4,0.457,0.5
57_1_0.JPG,/imaging/analysis/2006_09_29_ScreeningPaper/iCyte/images,57_1_1.JPG,/imaging/analysis/2006_09_29_ScreeningPaper/iCyte/images,57,1,0.152,0.5
57_2_0.JPG,/imaging/analysis/2006_09_29_ScreeningPaper/iCyte/images,57_2_1.JPG,/imaging/analysis/2006_09_29_ScreeningPaper/iCyte/images,57,2,0.152,0.5
57_3_0.JPG,/imaging/analysis/2006_09_29_ScreeningPaper/iCyte/images,57_3_1.JPG,/imaging/analysis/2006_09_29_ScreeningPaper/iCyte/images,57,3,0.152,0.5
57_4_0.JPG,/imaging/analysis/2006_09_29_ScreeningPaper/iCyte/images,57_4_1.JPG,/imaging/analysis/2006_09_29_ScreeningPaper/iCyte/images,57,4,0.152,0.5
58_1_0.JPG,/imaging/analysis/2006_09_29_ScreeningPaper/iCyte/images,58_1_1.JPG,/imaging/analysis/2006_09_29_ScreeningPaper/iCyte/images,58,1,0.051,0.5
58_2_0.JPG,/imaging/analysis/2006_09_29_ScreeningPaper/iCyte/images,58_2_1.JPG,/imaging/analysis/2006_09_29_ScreeningPaper/iCyte/images,58,2,0.051,0.5
58_3_0.JPG,/imaging/analysis/2006_09_29_ScreeningPaper/iCyte/images,58_3_1.JPG,/imaging/analysis/2006_09_29_ScreeningPaper/iCyte/images,58,3,0.051,0.5
58_4_0.JPG,/imaging/analysis/2006_09_29_ScreeningPaper/iCyte/images,58_4_1.JPG,/imaging/analysis/2006_09_29_ScreeningPaper/iCyte/images,58,4,0.051,0.5
59_1_0.JPG,/imaging/analysis/2006_09_29_ScreeningPaper/iCyte/images,59_1_1.JPG,/imaging/analysis/2006_09_29_ScreeningPaper/iCyte/images,59,1,0.017,0.5
59_2_0.JPG,/imaging/analysis/2006_09_29_ScreeningPaper/iCyte/images,59_2_1.JPG,/imaging/analysis/2006_09_29_ScreeningPaper/iCyte/images,59,2,0.017,0.5
59_3_0.JPG,/imaging/analysis/2006_09_29_ScreeningPaper/iCyte/images,59_3_1.JPG,/imaging/analysis/2006_09_29_ScreeningPaper/iCyte/images,59,3,0.017,0.5
59_4_0.JPG,/imaging/analysis/2006_09_29_ScreeningPaper/iCyte/images,59_4_1.JPG,/imaging/analysis/2006_09_29_ScreeningPaper/iCyte/images,59,4,0.017,0.5
60_1_0.JPG,/imaging/analysis/2006_09_29_ScreeningPaper/iCyte/images,60_1_1.JPG,/imaging/analysis/2006_09_29_ScreeningPaper/iCyte/images,60,1,0.0056,0
60_2_0.JPG,/imaging/analysis/2006_09_29_ScreeningPaper/iCyte/images,60_2_1.JPG,/imaging/analysis/2006_09_29_ScreeningPaper/iCyte/images,60,2,0.0056,0
60_3_0.JPG,/imaging/analysis/2006_09_29_ScreeningPaper/iCyte/images,60_3_1.JPG,/imaging/analysis/2006_09_29_ScreeningPaper/iCyte/images,60,3,0.0056,0
60_4_0.JPG,/imaging/analysis/2006_09_29_ScreeningPaper/iCyte/images,60_4_1.JPG,/imaging/analysis/2006_09_29_ScreeningPaper/iCyte/images,60,4,0.0056,0
61_1_0.JPG,/imaging/analysis/2006_09_29_ScreeningPaper/iCyte/images,61_1_1.JPG,/imaging/analysis/2006_09_29_ScreeningPaper/iCyte/images,61,1,1000,1
61_2_0.JPG,/imaging/analysis/2006_09_29_ScreeningPaper/iCyte/images,61_2_1.JPG,/imaging/analysis/2006_09_29_ScreeningPaper/iCyte/images,61,2,1000,1
61_3_0.JPG,/imaging/analysis/2006_09_29_ScreeningPaper/iCyte/images,61_3_1.JPG,/imaging/analysis/2006_09_29_ScreeningPaper/iCyte/images,61,3,1000,1
61_4_0.JPG,/imaging/analysis/2006_09_29_ScreeningPaper/iCyte/images,61_4_1.JPG,/imaging/analysis/2006_09_29_ScreeningPaper/iCyte/images,61,4,1000,1
62_1_0.JPG,/imaging/analysis/2006_09_29_ScreeningPaper/iCyte/images,62_1_1.JPG,/imaging/analysis/2006_09_29_ScreeningPaper/iCyte/images,62,1,333,0.5
62_2_0.JPG,/imaging/analysis/2006_09_29_ScreeningPaper/iCyte/images,62_2_1.JPG,/imaging/analysis/2006_09_29_ScreeningPaper/iCyte/images,62,2,333,0.5
62_3_0.JPG,/imaging/analysis/2006_09_29_ScreeningPaper/iCyte/images,62_3_1.JPG,/imaging/analysis/2006_09_29_ScreeningPaper/iCyte/images,62,3,333,0.5
62_4_0.JPG,/imaging/analysis/2006_09_29_ScreeningPaper/iCyte/images,62_4_1.JPG,/imaging/analysis/2006_09_29_ScreeningPaper/iCyte/images,62,4,333,0.5
63_1_0.JPG,/imaging/analysis/2006_09_29_ScreeningPaper/iCyte/images,63_1_1.JPG,/imaging/analysis/2006_09_29_ScreeningPaper/iCyte/images,63,1,111,0.5
63_2_0.JPG,/imaging/analysis/2006_09_29_ScreeningPaper/iCyte/images,63_2_1.JPG,/imaging/analysis/2006_09_29_ScreeningPaper/iCyte/images,63,2,111,0.5
63_3_0.JPG,/imaging/analysis/2006_09_29_ScreeningPaper/iCyte/images,63_3_1.JPG,/imaging/analysis/2006_09_29_ScreeningPaper/iCyte/images,63,3,111,0.5
63_4_0.JPG,/imaging/analysis/2006_09_29_ScreeningPaper/iCyte/images,63_4_1.JPG,/imaging/analysis/2006_09_29_ScreeningPaper/iCyte/images,63,4,111,0.5
64_1_0.JPG,/imaging/analysis/2006_09_29_ScreeningPaper/iCyte/images,64_1_1.JPG,/imaging/analysis/2006_09_29_ScreeningPaper/iCyte/images,64,1,37,0.5
64_2_0.JPG,/imaging/analysis/2006_09_29_ScreeningPaper/iCyte/images,64_2_1.JPG,/imaging/analysis/2006_09_29_ScreeningPaper/iCyte/images,64,2,37,0.5
64_3_0.JPG,/imaging/analysis/2006_09_29_ScreeningPaper/iCyte/images,64_3_1.JPG,/imaging/analysis/2006_09_29_ScreeningPaper/iCyte/images,64,3,37,0.5
64_4_0.JPG,/imaging/analysis/2006_09_29_ScreeningPaper/iCyte/images,64_4_1.JPG,/imaging/analysis/2006_09_29_ScreeningPaper/iCyte/images,64,4,37,0.5
65_1_0.JPG,/imaging/analysis/2006_09_29_ScreeningPaper/iCyte/images,65_1_1.JPG,/imaging/analysis/2006_09_29_ScreeningPaper/iCyte/images,65,1,12,0.5
65_2_0.JPG,/imaging/analysis/2006_09_29_ScreeningPaper/iCyte/images,65_2_1.JPG,/imaging/analysis/2006_09_29_ScreeningPaper/iCyte/images,65,2,12,0.5
65_3_0.JPG,/imaging/analysis/2006_09_29_ScreeningPaper/iCyte/images,65_3_1.JPG,/imaging/analysis/2006_09_29_ScreeningPaper/iCyte/images,65,3,12,0.5
65_4_0.JPG,/imaging/analysis/2006_09_29_ScreeningPaper/iCyte/images,65_4_1.JPG,/imaging/analysis/2006_09_29_ScreeningPaper/iCyte/images,65,4,12,0.5
66_1_0.JPG,/imaging/analysis/2006_09_29_ScreeningPaper/iCyte/images,66_1_1.JPG,/imaging/analysis/2006_09_29_ScreeningPaper/iCyte/images,66,1,4.1,0.5
66_2_0.JPG,/imaging/analysis/2006_09_29_ScreeningPaper/iCyte/images,66_2_1.JPG,/imaging/analysis/2006_09_29_ScreeningPaper/iCyte/images,66,2,4.1,0.5
66_3_0.JPG,/imaging/analysis/2006_09_29_ScreeningPaper/iCyte/images,66_3_1.JPG,/imaging/analysis/2006_09_29_ScreeningPaper/iCyte/images,66,3,4.1,0.5
66_4_0.JPG,/imaging/analysis/2006_09_29_ScreeningPaper/iCyte/images,66_4_1.JPG,/imaging/analysis/2006_09_29_ScreeningPaper/iCyte/images,66,4,4.1,0.5
67_1_0.JPG,/imaging/analysis/2006_09_29_ScreeningPaper/iCyte/images,67_1_1.JPG,/imaging/analysis/2006_09_29_ScreeningPaper/iCyte/images,67,1,1.4,0.5
67_2_0.JPG,/imaging/analysis/2006_09_29_ScreeningPaper/iCyte/images,67_2_1.JPG,/imaging/analysis/2006_09_29_ScreeningPaper/iCyte/images,67,2,1.4,0.5
67_3_0.JPG,/imaging/analysis/2006_09_29_ScreeningPaper/iCyte/images,67_3_1.JPG,/imaging/analysis/2006_09_29_ScreeningPaper/iCyte/images,67,3,1.4,0.5
67_4_0.JPG,/imaging/analysis/2006_09_29_ScreeningPaper/iCyte/images,67_4_1.JPG,/imaging/analysis/2006_09_29_ScreeningPaper/iCyte/images,67,4,1.4,0.5
68_1_0.JPG,/imaging/analysis/2006_09_29_ScreeningPaper/iCyte/images,68_1_1.JPG,/imaging/analysis/2006_09_29_ScreeningPaper/iCyte/images,68,1,0.457,0.5
68_2_0.JPG,/imaging/analysis/2006_09_29_ScreeningPaper/iCyte/images,68_2_1.JPG,/imaging/analysis/2006_09_29_ScreeningPaper/iCyte/images,68,2,0.457,0.5
68_3_0.JPG,/imaging/analysis/2006_09_29_ScreeningPaper/iCyte/images,68_3_1.JPG,/imaging/analysis/2006_09_29_ScreeningPaper/iCyte/images,68,3,0.457,0.5
68_4_0.JPG,/imaging/analysis/2006_09_29_ScreeningPaper/iCyte/images,68_4_1.JPG,/imaging/analysis/2006_09_29_ScreeningPaper/iCyte/images,68,4,0.457,0.5
69_1_0.JPG,/imaging/analysis/2006_09_29_ScreeningPaper/iCyte/images,69_1_1.JPG,/imaging/analysis/2006_09_29_ScreeningPaper/iCyte/images,69,1,0.152,0.5
69_2_0.JPG,/imaging/analysis/2006_09_29_ScreeningPaper/iCyte/images,69_2_1.JPG,/imaging/analysis/2006_09_29_ScreeningPaper/iCyte/images,69,2,0.152,0.5
69_3_0.JPG,/imaging/analysis/2006_09_29_ScreeningPaper/iCyte/images,69_3_1.JPG,/imaging/analysis/2006_09_29_ScreeningPaper/iCyte/images,69,3,0.152,0.5
69_4_0.JPG,/imaging/analysis/2006_09_29_ScreeningPaper/iCyte/images,69_4_1.JPG,/imaging/analysis/2006_09_29_ScreeningPaper/iCyte/images,69,4,0.152,0.5
70_1_0.JPG,/imaging/analysis/2006_09_29_ScreeningPaper/iCyte/images,70_1_1.JPG,/imaging/analysis/2006_09_29_ScreeningPaper/iCyte/images,70,1,0.051,0.5
70_2_0.JPG,/imaging/analysis/2006_09_29_ScreeningPaper/iCyte/images,70_2_1.JPG,/imaging/analysis/2006_09_29_ScreeningPaper/iCyte/images,70,2,0.051,0.5
70_3_0.JPG,/imaging/analysis/2006_09_29_ScreeningPaper/iCyte/images,70_3_1.JPG,/imaging/analysis/2006_09_29_ScreeningPaper/iCyte/images,70,3,0.051,0.5
70_4_0.JPG,/imaging/analysis/2006_09_29_ScreeningPaper/iCyte/images,70_4_1.JPG,/imaging/analysis/2006_09_29_ScreeningPaper/iCyte/images,70,4,0.051,0.5
71_1_0.JPG,/imaging/analysis/2006_09_29_ScreeningPaper/iCyte/images,71_1_1.JPG,/imaging/analysis/2006_09_29_ScreeningPaper/iCyte/images,71,1,0.017,0.5
71_2_0.JPG,/imaging/analysis/2006_09_29_ScreeningPaper/iCyte/images,71_2_1.JPG,/imaging/analysis/2006_09_29_ScreeningPaper/iCyte/images,71,2,0.017,0.5
71_3_0.JPG,/imaging/analysis/2006_09_29_ScreeningPaper/iCyte/images,71_3_1.JPG,/imaging/analysis/2006_09_29_ScreeningPaper/iCyte/images,71,3,0.017,0.5
71_4_0.JPG,/imaging/analysis/2006_09_29_ScreeningPaper/iCyte/images,71_4_1.JPG,/imaging/analysis/2006_09_29_ScreeningPaper/iCyte/images,71,4,0.017,0.5
72_1_0.JPG,/imaging/analysis/2006_09_29_ScreeningPaper/iCyte/images,72_1_1.JPG,/imaging/analysis/2006_09_29_ScreeningPaper/iCyte/images,72,1,0.0056,0
72_2_0.JPG,/imaging/analysis/2006_09_29_ScreeningPaper/iCyte/images,72_2_1.JPG,/imaging/analysis/2006_09_29_ScreeningPaper/iCyte/images,72,2,0.0056,0
72_3_0.JPG,/imaging/analysis/2006_09_29_ScreeningPaper/iCyte/images,72_3_1.JPG,/imaging/analysis/2006_09_29_ScreeningPaper/iCyte/images,72,3,0.0056,0
72_4_0.JPG,/imaging/analysis/2006_09_29_ScreeningPaper/iCyte/images,72_4_1.JPG,/imaging/analysis/2006_09_29_ScreeningPaper/iCyte/images,72,4,0.0056,0
73_1_0.JPG,/imaging/analysis/2006_09_29_ScreeningPaper/iCyte/images,73_1_1.JPG,/imaging/analysis/2006_09_29_ScreeningPaper/iCyte/images,73,1,1000,1
73_2_0.JPG,/imaging/analysis/2006_09_29_ScreeningPaper/iCyte/images,73_2_1.JPG,/imaging/analysis/2006_09_29_ScreeningPaper/iCyte/images,73,2,1000,1
73_3_0.JPG,/imaging/analysis/2006_09_29_ScreeningPaper/iCyte/images,73_3_1.JPG,/imaging/analysis/2006_09_29_ScreeningPaper/iCyte/images,73,3,1000,1
73_4_0.JPG,/imaging/analysis/2006_09_29_ScreeningPaper/iCyte/images,73_4_1.JPG,/imaging/analysis/2006_09_29_ScreeningPaper/iCyte/images,73,4,1000,1
74_1_0.JPG,/imaging/analysis/2006_09_29_ScreeningPaper/iCyte/images,74_1_1.JPG,/imaging/analysis/2006_09_29_ScreeningPaper/iCyte/images,74,1,333,0.5
74_2_0.JPG,/imaging/analysis/2006_09_29_ScreeningPaper/iCyte/images,74_2_1.JPG,/imaging/analysis/2006_09_29_ScreeningPaper/iCyte/images,74,2,333,0.5
74_3_0.JPG,/imaging/analysis/2006_09_29_ScreeningPaper/iCyte/images,74_3_1.JPG,/imaging/analysis/2006_09_29_ScreeningPaper/iCyte/images,74,3,333,0.5
74_4_0.JPG,/imaging/analysis/2006_09_29_ScreeningPaper/iCyte/images,74_4_1.JPG,/imaging/analysis/2006_09_29_ScreeningPaper/iCyte/images,74,4,333,0.5
75_1_0.JPG,/imaging/analysis/2006_09_29_ScreeningPaper/iCyte/images,75_1_1.JPG,/imaging/analysis/2006_09_29_ScreeningPaper/iCyte/images,75,1,111,0.5
75_2_0.JPG,/imaging/analysis/2006_09_29_ScreeningPaper/iCyte/images,75_2_1.JPG,/imaging/analysis/2006_09_29_ScreeningPaper/iCyte/images,75,2,111,0.5
75_3_0.JPG,/imaging/analysis/2006_09_29_ScreeningPaper/iCyte/images,75_3_1.JPG,/imaging/analysis/2006_09_29_ScreeningPaper/iCyte/images,75,3,111,0.5
75_4_0.JPG,/imaging/analysis/2006_09_29_ScreeningPaper/iCyte/images,75_4_1.JPG,/imaging/analysis/2006_09_29_ScreeningPaper/iCyte/images,75,4,111,0.5
76_1_0.JPG,/imaging/analysis/2006_09_29_ScreeningPaper/iCyte/images,76_1_1.JPG,/imaging/analysis/2006_09_29_ScreeningPaper/iCyte/images,76,1,37,0.5
76_2_0.JPG,/imaging/analysis/2006_09_29_ScreeningPaper/iCyte/images,76_2_1.JPG,/imaging/analysis/2006_09_29_ScreeningPaper/iCyte/images,76,2,37,0.5
76_3_0.JPG,/imaging/analysis/2006_09_29_ScreeningPaper/iCyte/images,76_3_1.JPG,/imaging/analysis/2006_09_29_ScreeningPaper/iCyte/images,76,3,37,0.5
76_4_0.JPG,/imaging/analysis/2006_09_29_ScreeningPaper/iCyte/images,76_4_1.JPG,/imaging/analysis/2006_09_29_ScreeningPaper/iCyte/images,76,4,37,0.5
77_1_0.JPG,/imaging/analysis/2006_09_29_ScreeningPaper/iCyte/images,77_1_1.JPG,/imaging/analysis/2006_09_29_ScreeningPaper/iCyte/images,77,1,12,0.5
77_2_0.JPG,/imaging/analysis/2006_09_29_ScreeningPaper/iCyte/images,77_2_1.JPG,/imaging/analysis/2006_09_29_ScreeningPaper/iCyte/images,77,2,12,0.5
77_3_0.JPG,/imaging/analysis/2006_09_29_ScreeningPaper/iCyte/images,77_3_1.JPG,/imaging/analysis/2006_09_29_ScreeningPaper/iCyte/images,77,3,12,0.5
77_4_0.JPG,/imaging/analysis/2006_09_29_ScreeningPaper/iCyte/images,77_4_1.JPG,/imaging/analysis/2006_09_29_ScreeningPaper/iCyte/images,77,4,12,0.5
78_1_0.JPG,/imaging/analysis/2006_09_29_ScreeningPaper/iCyte/images,78_1_1.JPG,/imaging/analysis/2006_09_29_ScreeningPaper/iCyte/images,78,1,4.1,0.5
78_2_0.JPG,/imaging/analysis/2006_09_29_ScreeningPaper/iCyte/images,78_2_1.JPG,/imaging/analysis/2006_09_29_ScreeningPaper/iCyte/images,78,2,4.1,0.5
78_3_0.JPG,/imaging/analysis/2006_09_29_ScreeningPaper/iCyte/images,78_3_1.JPG,/imaging/analysis/2006_09_29_ScreeningPaper/iCyte/images,78,3,4.1,0.5
78_4_0.JPG,/imaging/analysis/2006_09_29_ScreeningPaper/iCyte/images,78_4_1.JPG,/imaging/analysis/2006_09_29_ScreeningPaper/iCyte/images,78,4,4.1,0.5
79_1_0.JPG,/imaging/analysis/2006_09_29_ScreeningPaper/iCyte/images,79_1_1.JPG,/imaging/analysis/2006_09_29_ScreeningPaper/iCyte/images,79,1,1.4,0.5
79_2_0.JPG,/imaging/analysis/2006_09_29_ScreeningPaper/iCyte/images,79_2_1.JPG,/imaging/analysis/2006_09_29_ScreeningPaper/iCyte/images,79,2,1.4,0.5
79_3_0.JPG,/imaging/analysis/2006_09_29_ScreeningPaper/iCyte/images,79_3_1.JPG,/imaging/analysis/2006_09_29_ScreeningPaper/iCyte/images,79,3,1.4,0.5
79_4_0.JPG,/imaging/analysis/2006_09_29_ScreeningPaper/iCyte/images,79_4_1.JPG,/imaging/analysis/2006_09_29_ScreeningPaper/iCyte/images,79,4,1.4,0.5
80_1_0.JPG,/imaging/analysis/2006_09_29_ScreeningPaper/iCyte/images,80_1_1.JPG,/imaging/analysis/2006_09_29_ScreeningPaper/iCyte/images,80,1,0.457,0.5
80_2_0.JPG,/imaging/analysis/2006_09_29_ScreeningPaper/iCyte/images,80_2_1.JPG,/imaging/analysis/2006_09_29_ScreeningPaper/iCyte/images,80,2,0.457,0.5
80_3_0.JPG,/imaging/analysis/2006_09_29_ScreeningPaper/iCyte/images,80_3_1.JPG,/imaging/analysis/2006_09_29_ScreeningPaper/iCyte/images,80,3,0.457,0.5
80_4_0.JPG,/imaging/analysis/2006_09_29_ScreeningPaper/iCyte/images,80_4_1.JPG,/imaging/analysis/2006_09_29_ScreeningPaper/iCyte/images,80,4,0.457,0.5
81_1_0.JPG,/imaging/analysis/2006_09_29_ScreeningPaper/iCyte/images,81_1_1.JPG,/imaging/analysis/2006_09_29_ScreeningPaper/iCyte/images,81,1,0.152,0.5
81_2_0.JPG,/imaging/analysis/2006_09_29_ScreeningPaper/iCyte/images,81_2_1.JPG,/imaging/analysis/2006_09_29_ScreeningPaper/iCyte/images,81,2,0.152,0.5
81_3_0.JPG,/imaging/analysis/2006_09_29_ScreeningPaper/iCyte/images,81_3_1.JPG,/imaging/analysis/2006_09_29_ScreeningPaper/iCyte/images,81,3,0.152,0.5
81_4_0.JPG,/imaging/analysis/2006_09_29_ScreeningPaper/iCyte/images,81_4_1.JPG,/imaging/analysis/2006_09_29_ScreeningPaper/iCyte/images,81,4,0.152,0.5
82_1_0.JPG,/imaging/analysis/2006_09_29_ScreeningPaper/iCyte/images,82_1_1.JPG,/imaging/analysis/2006_09_29_ScreeningPaper/iCyte/images,82,1,0.051,0.5
82_2_0.JPG,/imaging/analysis/2006_09_29_ScreeningPaper/iCyte/images,82_2_1.JPG,/imaging/analysis/2006_09_29_ScreeningPaper/iCyte/images,82,2,0.051,0.5
82_3_0.JPG,/imaging/analysis/2006_09_29_ScreeningPaper/iCyte/images,82_3_1.JPG,/imaging/analysis/2006_09_29_ScreeningPaper/iCyte/images,82,3,0.051,0.5
82_4_0.JPG,/imaging/analysis/2006_09_29_ScreeningPaper/iCyte/images,82_4_1.JPG,/imaging/analysis/2006_09_29_ScreeningPaper/iCyte/images,82,4,0.051,0.5
83_1_0.JPG,/imaging/analysis/2006_09_29_ScreeningPaper/iCyte/images,83_1_1.JPG,/imaging/analysis/2006_09_29_ScreeningPaper/iCyte/images,83,1,0.017,0.5
83_2_0.JPG,/imaging/analysis/2006_09_29_ScreeningPaper/iCyte/images,83_2_1.JPG,/imaging/analysis/2006_09_29_ScreeningPaper/iCyte/images,83,2,0.017,0.5
83_3_0.JPG,/imaging/analysis/2006_09_29_ScreeningPaper/iCyte/images,83_3_1.JPG,/imaging/analysis/2006_09_29_ScreeningPaper/iCyte/images,83,3,0.017,0.5
83_4_0.JPG,/imaging/analysis/2006_09_29_ScreeningPaper/iCyte/images,83_4_1.JPG,/imaging/analysis/2006_09_29_ScreeningPaper/iCyte/images,83,4,0.017,0.5
84_1_0.JPG,/imaging/analysis/2006_09_29_ScreeningPaper/iCyte/images,84_1_1.JPG,/imaging/analysis/2006_09_29_ScreeningPaper/iCyte/images,84,1,0.0056,0
84_2_0.JPG,/imaging/analysis/2006_09_29_ScreeningPaper/iCyte/images,84_2_1.JPG,/imaging/analysis/2006_09_29_ScreeningPaper/iCyte/images,84,2,0.0056,0
84_3_0.JPG,/imaging/analysis/2006_09_29_ScreeningPaper/iCyte/images,84_3_1.JPG,/imaging/analysis/2006_09_29_ScreeningPaper/iCyte/images,84,3,0.0056,0
84_4_0.JPG,/imaging/analysis/2006_09_29_ScreeningPaper/iCyte/images,84_4_1.JPG,/imaging/analysis/2006_09_29_ScreeningPaper/iCyte/images,84,4,0.0056,0