Image_FileName_OrigProtein,Image_PathName_OrigProtein,Image_FileName_OrigDNA,Image_PathName_OrigDNA,Metadata_WellRow,Metadata_WellColumn,Metadata_Well,Metadata_Celltype,Metadata_Dose,Metadata_PosNegCtrls
Channel_1-49-E-01-00.Bmp,/imaging/analysis/2006_09_29_ScreeningPaper/Vitra/images10X_NoSpaces,Channel_2-49-E-01-00.Bmp,/imaging/analysis/2006_09_29_ScreeningPaper/Vitra/images10X_NoSpaces,E,1,E01,A549,1.00E-07,1
Channel_1-50-E-02-00.Bmp,/imaging/analysis/2006_09_29_ScreeningPaper/Vitra/images10X_NoSpaces,Channel_2-50-E-02-00.Bmp,/imaging/analysis/2006_09_29_ScreeningPaper/Vitra/images10X_NoSpaces,E,2,E02,A549,3.00E-08,0.5
Channel_1-51-E-03-00.Bmp,/imaging/analysis/2006_09_29_ScreeningPaper/Vitra/images10X_NoSpaces,Channel_2-51-E-03-00.Bmp,/imaging/analysis/2006_09_29_ScreeningPaper/Vitra/images10X_NoSpaces,E,3,E03,A549,1.00E-08,0.5
Channel_1-52-E-04-00.Bmp,/imaging/analysis/2006_09_29_ScreeningPaper/Vitra/images10X_NoSpaces,Channel_2-52-E-04-00.Bmp,/imaging/analysis/2006_09_29_ScreeningPaper/Vitra/images10X_NoSpaces,E,4,E04,A549,3.00E-09,0.5
Channel_1-53-E-05-00.Bmp,/imaging/analysis/2006_09_29_ScreeningPaper/Vitra/images10X_NoSpaces,Channel_2-53-E-05-00.Bmp,/imaging/analysis/2006_09_29_ScreeningPaper/Vitra/images10X_NoSpaces,E,5,E05,A549,1.00E-09,0.5
Channel_1-54-E-06-00.Bmp,/imaging/analysis/2006_09_29_ScreeningPaper/Vitra/images10X_NoSpaces,Channel_2-54-E-06-00.Bmp,/imaging/analysis/2006_09_29_ScreeningPaper/Vitra/images10X_NoSpaces,E,6,E06,A549,3.00E-10,0.5
Channel_1-55-E-07-00.Bmp,/imaging/analysis/2006_09_29_ScreeningPaper/Vitra/images10X_NoSpaces,Channel_2-55-E-07-00.Bmp,/imaging/analysis/2006_09_29_ScreeningPaper/Vitra/images10X_NoSpaces,E,7,E07,A549,1.00E-10,0.5
Channel_1-56-E-08-00.Bmp,/imaging/analysis/2006_09_29_ScreeningPaper/Vitra/images10X_NoSpaces,Channel_2-56-E-08-00.Bmp,/imaging/analysis/2006_09_29_ScreeningPaper/Vitra/images10X_NoSpaces,E,8,E08,A549,3.00E-11,0.5
Channel_1-57-E-09-00.Bmp,/imaging/analysis/2006_09_29_ScreeningPaper/Vitra/images10X_NoSpaces,Channel_2-57-E-09-00.Bmp,/imaging/analysis/2006_09_29_ScreeningPaper/Vitra/images10X_NoSpaces,E,9,E09,A549,1.00E-11,0.5
Channel_1-58-E-10-00.Bmp,/imaging/analysis/2006_09_29_ScreeningPaper/Vitra/images10X_NoSpaces,Channel_2-58-E-10-00.Bmp,/imaging/analysis/2006_09_29_ScreeningPaper/Vitra/images10X_NoSpaces,E,10,E10,A549,3.00E-12,0.5
Channel_1-59-E-11-00.Bmp,/imaging/analysis/2006_09_29_ScreeningPaper/Vitra/images10X_NoSpaces,Channel_2-59-E-11-00.Bmp,/imaging/analysis/2006_09_29_ScreeningPaper/Vitra/images10X_NoSpaces,E,11,E11,A549,1.00E-12,0.5
Channel_1-60-E-12-00.Bmp,/imaging/analysis/2006_09_29_ScreeningPaper/Vitra/images10X_NoSpaces,Channel_2-60-E-12-00.Bmp,/imaging/analysis/2006_09_29_ScreeningPaper/Vitra/images10X_NoSpaces,E,12,E12,A549,1.00E-13,0
Channel_1-61-F-01-00.Bmp,/imaging/analysis/2006_09_29_ScreeningPaper/Vitra/images10X_NoSpaces,Channel_2-61-F-01-00.Bmp,/imaging/analysis/2006_09_29_ScreeningPaper/Vitra/images10X_NoSpaces,F,1,F01,A549,1.00E-07,1
Channel_1-62-F-02-00.Bmp,/imaging/analysis/2006_09_29_ScreeningPaper/Vitra/images10X_NoSpaces,Channel_2-62-F-02-00.Bmp,/imaging/analysis/2006_09_29_ScreeningPaper/Vitra/images10X_NoSpaces,F,2,F02,A549,3.00E-08,0.5
Channel_1-63-F-03-00.Bmp,/imaging/analysis/2006_09_29_ScreeningPaper/Vitra/images10X_NoSpaces,Channel_2-63-F-03-00.Bmp,/imaging/analysis/2006_09_29_ScreeningPaper/Vitra/images10X_NoSpaces,F,3,F03,A549,1.00E-08,0.5
Channel_1-64-F-04-00.Bmp,/imaging/analysis/2006_09_29_ScreeningPaper/Vitra/images10X_NoSpaces,Channel_2-64-F-04-00.Bmp,/imaging/analysis/2006_09_29_ScreeningPaper/Vitra/images10X_NoSpaces,F,4,F04,A549,3.00E-09,0.5
Channel_1-65-F-05-00.Bmp,/imaging/analysis/2006_09_29_ScreeningPaper/Vitra/images10X_NoSpaces,Channel_2-65-F-05-00.Bmp,/imaging/analysis/2006_09_29_ScreeningPaper/Vitra/images10X_NoSpaces,F,5,F05,A549,1.00E-09,0.5
Channel_1-66-F-06-00.Bmp,/imaging/analysis/2006_09_29_ScreeningPaper/Vitra/images10X_NoSpaces,Channel_2-66-F-06-00.Bmp,/imaging/analysis/2006_09_29_ScreeningPaper/Vitra/images10X_NoSpaces,F,6,F06,A549,3.00E-10,0.5
Channel_1-67-F-07-00.Bmp,/imaging/analysis/2006_09_29_ScreeningPaper/Vitra/images10X_NoSpaces,Channel_2-67-F-07-00.Bmp,/imaging/analysis/2006_09_29_ScreeningPaper/Vitra/images10X_NoSpaces,F,7,F07,A549,1.00E-10,0.5
Channel_1-68-F-08-00.Bmp,/imaging/analysis/2006_09_29_ScreeningPaper/Vitra/images10X_NoSpaces,Channel_2-68-F-08-00.Bmp,/imaging/analysis/2006_09_29_ScreeningPaper/Vitra/images10X_NoSpaces,F,8,F08,A549,3.00E-11,0.5
Channel_1-69-F-09-00.Bmp,/imaging/analysis/2006_09_29_ScreeningPaper/Vitra/images10X_NoSpaces,Channel_2-69-F-09-00.Bmp,/imaging/analysis/2006_09_29_ScreeningPaper/Vitra/images10X_NoSpaces,F,9,F09,A549,1.00E-11,0.5
Channel_1-70-F-10-00.Bmp,/imaging/analysis/2006_09_29_ScreeningPaper/Vitra/images10X_NoSpaces,Channel_2-70-F-10-00.Bmp,/imaging/analysis/2006_09_29_ScreeningPaper/Vitra/images10X_NoSpaces,F,10,F10,A549,3.00E-12,0.5
Channel_1-71-F-11-00.Bmp,/imaging/analysis/2006_09_29_ScreeningPaper/Vitra/images10X_NoSpaces,Channel_2-71-F-11-00.Bmp,/imaging/analysis/2006_09_29_ScreeningPaper/Vitra/images10X_NoSpaces,F,11,F11,A549,1.00E-12,0.5
Channel_1-72-F-12-00.Bmp,/imaging/analysis/2006_09_29_ScreeningPaper/Vitra/images10X_NoSpaces,Channel_2-72-F-12-00.Bmp,/imaging/analysis/2006_09_29_ScreeningPaper/Vitra/images10X_NoSpaces,F,12,F12,A549,1.00E-13,0
Channel_1-73-G-01-00.Bmp,/imaging/analysis/2006_09_29_ScreeningPaper/Vitra/images10X_NoSpaces,Channel_2-73-G-01-00.Bmp,/imaging/analysis/2006_09_29_ScreeningPaper/Vitra/images10X_NoSpaces,G,1,G01,A549,1.00E-07,1
Channel_1-74-G-02-00.Bmp,/imaging/analysis/2006_09_29_ScreeningPaper/Vitra/images10X_NoSpaces,Channel_2-74-G-02-00.Bmp,/imaging/analysis/2006_09_29_ScreeningPaper/Vitra/images10X_NoSpaces,G,2,G02,A549,3.00E-08,0.5
Channel_1-75-G-03-00.Bmp,/imaging/analysis/2006_09_29_ScreeningPaper/Vitra/images10X_NoSpaces,Channel_2-75-G-03-00.Bmp,/imaging/analysis/2006_09_29_ScreeningPaper/Vitra/images10X_NoSpaces,G,3,G03,A549,1.00E-08,0.5
Channel_1-76-G-04-00.Bmp,/imaging/analysis/2006_09_29_ScreeningPaper/Vitra/images10X_NoSpaces,Channel_2-76-G-04-00.Bmp,/imaging/analysis/2006_09_29_ScreeningPaper/Vitra/images10X_NoSpaces,G,4,G04,A549,3.00E-09,0.5
Channel_1-77-G-05-00.Bmp,/imaging/analysis/2006_09_29_ScreeningPaper/Vitra/images10X_NoSpaces,Channel_2-77-G-05-00.Bmp,/imaging/analysis/2006_09_29_ScreeningPaper/Vitra/images10X_NoSpaces,G,5,G05,A549,1.00E-09,0.5
Channel_1-78-G-06-00.Bmp,/imaging/analysis/2006_09_29_ScreeningPaper/Vitra/images10X_NoSpaces,Channel_2-78-G-06-00.Bmp,/imaging/analysis/2006_09_29_ScreeningPaper/Vitra/images10X_NoSpaces,G,6,G06,A549,3.00E-10,0.5
Channel_1-79-G-07-00.Bmp,/imaging/analysis/2006_09_29_ScreeningPaper/Vitra/images10X_NoSpaces,Channel_2-79-G-07-00.Bmp,/imaging/analysis/2006_09_29_ScreeningPaper/Vitra/images10X_NoSpaces,G,7,G07,A549,1.00E-10,0.5
Channel_1-80-G-08-00.Bmp,/imaging/analysis/2006_09_29_ScreeningPaper/Vitra/images10X_NoSpaces,Channel_2-80-G-08-00.Bmp,/imaging/analysis/2006_09_29_ScreeningPaper/Vitra/images10X_NoSpaces,G,8,G08,A549,3.00E-11,0.5
Channel_1-81-G-09-00.Bmp,/imaging/analysis/2006_09_29_ScreeningPaper/Vitra/images10X_NoSpaces,Channel_2-81-G-09-00.Bmp,/imaging/analysis/2006_09_29_ScreeningPaper/Vitra/images10X_NoSpaces,G,9,G09,A549,1.00E-11,0.5
Channel_1-82-G-10-00.Bmp,/imaging/analysis/2006_09_29_ScreeningPaper/Vitra/images10X_NoSpaces,Channel_2-82-G-10-00.Bmp,/imaging/analysis/2006_09_29_ScreeningPaper/Vitra/images10X_NoSpaces,G,10,G10,A549,3.00E-12,0.5
Channel_1-83-G-11-00.Bmp,/imaging/analysis/2006_09_29_ScreeningPaper/Vitra/images10X_NoSpaces,Channel_2-83-G-11-00.Bmp,/imaging/analysis/2006_09_29_ScreeningPaper/Vitra/images10X_NoSpaces,G,11,G11,A549,1.00E-12,0.5
Channel_1-84-G-12-00.Bmp,/imaging/analysis/2006_09_29_ScreeningPaper/Vitra/images10X_NoSpaces,Channel_2-84-G-12-00.Bmp,/imaging/analysis/2006_09_29_ScreeningPaper/Vitra/images10X_NoSpaces,G,12,G12,A549,1.00E-13,0
Channel_1-85-H-01-00.Bmp,/imaging/analysis/2006_09_29_ScreeningPaper/Vitra/images10X_NoSpaces,Channel_2-85-H-01-00.Bmp,/imaging/analysis/2006_09_29_ScreeningPaper/Vitra/images10X_NoSpaces,H,1,H01,A549,1.00E-07,1
Channel_1-86-H-02-00.Bmp,/imaging/analysis/2006_09_29_ScreeningPaper/Vitra/images10X_NoSpaces,Channel_2-86-H-02-00.Bmp,/imaging/analysis/2006_09_29_ScreeningPaper/Vitra/images10X_NoSpaces,H,2,H02,A549,3.00E-08,0.5
Channel_1-87-H-03-00.Bmp,/imaging/analysis/2006_09_29_ScreeningPaper/Vitra/images10X_NoSpaces,Channel_2-87-H-03-00.Bmp,/imaging/analysis/2006_09_29_ScreeningPaper/Vitra/images10X_NoSpaces,H,3,H03,A549,1.00E-08,0.5
Channel_1-88-H-04-00.Bmp,/imaging/analysis/2006_09_29_ScreeningPaper/Vitra/images10X_NoSpaces,Channel_2-88-H-04-00.Bmp,/imaging/analysis/2006_09_29_ScreeningPaper/Vitra/images10X_NoSpaces,H,4,H04,A549,3.00E-09,0.5
Channel_1-89-H-05-00.Bmp,/imaging/analysis/2006_09_29_ScreeningPaper/Vitra/images10X_NoSpaces,Channel_2-89-H-05-00.Bmp,/imaging/analysis/2006_09_29_ScreeningPaper/Vitra/images10X_NoSpaces,H,5,H05,A549,1.00E-09,0.5
Channel_1-90-H-06-00.Bmp,/imaging/analysis/2006_09_29_ScreeningPaper/Vitra/images10X_NoSpaces,Channel_2-90-H-06-00.Bmp,/imaging/analysis/2006_09_29_ScreeningPaper/Vitra/images10X_NoSpaces,H,6,H06,A549,3.00E-10,0.5
Channel_1-91-H-07-00.Bmp,/imaging/analysis/2006_09_29_ScreeningPaper/Vitra/images10X_NoSpaces,Channel_2-91-H-07-00.Bmp,/imaging/analysis/2006_09_29_ScreeningPaper/Vitra/images10X_NoSpaces,H,7,H07,A549,1.00E-10,0.5
Channel_1-92-H-08-00.Bmp,/imaging/analysis/2006_09_29_ScreeningPaper/Vitra/images10X_NoSpaces,Channel_2-92-H-08-00.Bmp,/imaging/analysis/2006_09_29_ScreeningPaper/Vitra/images10X_NoSpaces,H,8,H08,A549,3.00E-11,0.5
Channel_1-93-H-09-00.Bmp,/imaging/analysis/2006_09_29_ScreeningPaper/Vitra/images10X_NoSpaces,Channel_2-93-H-09-00.Bmp,/imaging/analysis/2006_09_29_ScreeningPaper/Vitra/images10X_NoSpaces,H,9,H09,A549,1.00E-11,0.5
Channel_1-94-H-10-00.Bmp,/imaging/analysis/2006_09_29_ScreeningPaper/Vitra/images10X_NoSpaces,Channel_2-94-H-10-00.Bmp,/imaging/analysis/2006_09_29_ScreeningPaper/Vitra/images10X_NoSpaces,H,10,H10,A549,3.00E-12,0.5
Channel_1-95-H-11-00.Bmp,/imaging/analysis/2006_09_29_ScreeningPaper/Vitra/images10X_NoSpaces,Channel_2-95-H-11-00.Bmp,/imaging/analysis/2006_09_29_ScreeningPaper/Vitra/images10X_NoSpaces,H,11,H11,A549,1.00E-12,0.5
Channel_1-96-H-12-00.Bmp,/imaging/analysis/2006_09_29_ScreeningPaper/Vitra/images10X_NoSpaces,Channel_2-96-H-12-00.Bmp,/imaging/analysis/2006_09_29_ScreeningPaper/Vitra/images10X_NoSpaces,H,12,H12,A549,1.00E-13,0