Image_FileName_OrigProtein,Image_PathName_OrigProtein,Image_FileName_OrigDNA,Image_PathName_OrigDNA,Metadata_WellRow,Metadata_WellColumn,Metadata_Well,Metadata_Celltype,Metadata_Dose,Metadata_PosNegCtrls
Channel_1-01-A-01-00.Bmp,/imaging/analysis/2006_09_29_ScreeningPaper/Vitra/images10X_NoSpaces,Channel_2-01-A-01-00.Bmp,/imaging/analysis/2006_09_29_ScreeningPaper/Vitra/images10X_NoSpaces,A,1,A01,MCF7,1.00E-07,1
Channel_1-02-A-02-00.Bmp,/imaging/analysis/2006_09_29_ScreeningPaper/Vitra/images10X_NoSpaces,Channel_2-02-A-02-00.Bmp,/imaging/analysis/2006_09_29_ScreeningPaper/Vitra/images10X_NoSpaces,A,2,A02,MCF7,3.00E-08,0.5
Channel_1-03-A-03-00.Bmp,/imaging/analysis/2006_09_29_ScreeningPaper/Vitra/images10X_NoSpaces,Channel_2-03-A-03-00.Bmp,/imaging/analysis/2006_09_29_ScreeningPaper/Vitra/images10X_NoSpaces,A,3,A03,MCF7,1.00E-08,0.5
Channel_1-04-A-04-00.Bmp,/imaging/analysis/2006_09_29_ScreeningPaper/Vitra/images10X_NoSpaces,Channel_2-04-A-04-00.Bmp,/imaging/analysis/2006_09_29_ScreeningPaper/Vitra/images10X_NoSpaces,A,4,A04,MCF7,3.00E-09,0.5
Channel_1-05-A-05-00.Bmp,/imaging/analysis/2006_09_29_ScreeningPaper/Vitra/images10X_NoSpaces,Channel_2-05-A-05-00.Bmp,/imaging/analysis/2006_09_29_ScreeningPaper/Vitra/images10X_NoSpaces,A,5,A05,MCF7,1.00E-09,0.5
Channel_1-06-A-06-00.Bmp,/imaging/analysis/2006_09_29_ScreeningPaper/Vitra/images10X_NoSpaces,Channel_2-06-A-06-00.Bmp,/imaging/analysis/2006_09_29_ScreeningPaper/Vitra/images10X_NoSpaces,A,6,A06,MCF7,3.00E-10,0.5
Channel_1-07-A-07-00.Bmp,/imaging/analysis/2006_09_29_ScreeningPaper/Vitra/images10X_NoSpaces,Channel_2-07-A-07-00.Bmp,/imaging/analysis/2006_09_29_ScreeningPaper/Vitra/images10X_NoSpaces,A,7,A07,MCF7,1.00E-10,0.5
Channel_1-08-A-08-00.Bmp,/imaging/analysis/2006_09_29_ScreeningPaper/Vitra/images10X_NoSpaces,Channel_2-08-A-08-00.Bmp,/imaging/analysis/2006_09_29_ScreeningPaper/Vitra/images10X_NoSpaces,A,8,A08,MCF7,3.00E-11,0.5
Channel_1-09-A-09-00.Bmp,/imaging/analysis/2006_09_29_ScreeningPaper/Vitra/images10X_NoSpaces,Channel_2-09-A-09-00.Bmp,/imaging/analysis/2006_09_29_ScreeningPaper/Vitra/images10X_NoSpaces,A,9,A09,MCF7,1.00E-11,0.5
Channel_1-10-A-10-00.Bmp,/imaging/analysis/2006_09_29_ScreeningPaper/Vitra/images10X_NoSpaces,Channel_2-10-A-10-00.Bmp,/imaging/analysis/2006_09_29_ScreeningPaper/Vitra/images10X_NoSpaces,A,10,A10,MCF7,3.00E-12,0.5
Channel_1-11-A-11-00.Bmp,/imaging/analysis/2006_09_29_ScreeningPaper/Vitra/images10X_NoSpaces,Channel_2-11-A-11-00.Bmp,/imaging/analysis/2006_09_29_ScreeningPaper/Vitra/images10X_NoSpaces,A,11,A11,MCF7,1.00E-12,0.5
Channel_1-12-A-12-00.Bmp,/imaging/analysis/2006_09_29_ScreeningPaper/Vitra/images10X_NoSpaces,Channel_2-12-A-12-00.Bmp,/imaging/analysis/2006_09_29_ScreeningPaper/Vitra/images10X_NoSpaces,A,12,A12,MCF7,1.00E-13,0
Channel_1-13-B-01-00.Bmp,/imaging/analysis/2006_09_29_ScreeningPaper/Vitra/images10X_NoSpaces,Channel_2-13-B-01-00.Bmp,/imaging/analysis/2006_09_29_ScreeningPaper/Vitra/images10X_NoSpaces,B,1,B01,MCF7,1.00E-07,1
Channel_1-14-B-02-00.Bmp,/imaging/analysis/2006_09_29_ScreeningPaper/Vitra/images10X_NoSpaces,Channel_2-14-B-02-00.Bmp,/imaging/analysis/2006_09_29_ScreeningPaper/Vitra/images10X_NoSpaces,B,2,B02,MCF7,3.00E-08,0.5
Channel_1-15-B-03-00.Bmp,/imaging/analysis/2006_09_29_ScreeningPaper/Vitra/images10X_NoSpaces,Channel_2-15-B-03-00.Bmp,/imaging/analysis/2006_09_29_ScreeningPaper/Vitra/images10X_NoSpaces,B,3,B03,MCF7,1.00E-08,0.5
Channel_1-16-B-04-00.Bmp,/imaging/analysis/2006_09_29_ScreeningPaper/Vitra/images10X_NoSpaces,Channel_2-16-B-04-00.Bmp,/imaging/analysis/2006_09_29_ScreeningPaper/Vitra/images10X_NoSpaces,B,4,B04,MCF7,3.00E-09,0.5
Channel_1-17-B-05-00.Bmp,/imaging/analysis/2006_09_29_ScreeningPaper/Vitra/images10X_NoSpaces,Channel_2-17-B-05-00.Bmp,/imaging/analysis/2006_09_29_ScreeningPaper/Vitra/images10X_NoSpaces,B,5,B05,MCF7,1.00E-09,0.5
Channel_1-18-B-06-00.Bmp,/imaging/analysis/2006_09_29_ScreeningPaper/Vitra/images10X_NoSpaces,Channel_2-18-B-06-00.Bmp,/imaging/analysis/2006_09_29_ScreeningPaper/Vitra/images10X_NoSpaces,B,6,B06,MCF7,3.00E-10,0.5
Channel_1-19-B-07-00.Bmp,/imaging/analysis/2006_09_29_ScreeningPaper/Vitra/images10X_NoSpaces,Channel_2-19-B-07-00.Bmp,/imaging/analysis/2006_09_29_ScreeningPaper/Vitra/images10X_NoSpaces,B,7,B07,MCF7,1.00E-10,0.5
Channel_1-20-B-08-00.Bmp,/imaging/analysis/2006_09_29_ScreeningPaper/Vitra/images10X_NoSpaces,Channel_2-20-B-08-00.Bmp,/imaging/analysis/2006_09_29_ScreeningPaper/Vitra/images10X_NoSpaces,B,8,B08,MCF7,3.00E-11,0.5
Channel_1-21-B-09-00.Bmp,/imaging/analysis/2006_09_29_ScreeningPaper/Vitra/images10X_NoSpaces,Channel_2-21-B-09-00.Bmp,/imaging/analysis/2006_09_29_ScreeningPaper/Vitra/images10X_NoSpaces,B,9,B09,MCF7,1.00E-11,0.5
Channel_1-22-B-10-00.Bmp,/imaging/analysis/2006_09_29_ScreeningPaper/Vitra/images10X_NoSpaces,Channel_2-22-B-10-00.Bmp,/imaging/analysis/2006_09_29_ScreeningPaper/Vitra/images10X_NoSpaces,B,10,B10,MCF7,3.00E-12,0.5
Channel_1-23-B-11-00.Bmp,/imaging/analysis/2006_09_29_ScreeningPaper/Vitra/images10X_NoSpaces,Channel_2-23-B-11-00.Bmp,/imaging/analysis/2006_09_29_ScreeningPaper/Vitra/images10X_NoSpaces,B,11,B11,MCF7,1.00E-12,0.5
Channel_1-24-B-12-00.Bmp,/imaging/analysis/2006_09_29_ScreeningPaper/Vitra/images10X_NoSpaces,Channel_2-24-B-12-00.Bmp,/imaging/analysis/2006_09_29_ScreeningPaper/Vitra/images10X_NoSpaces,B,12,B12,MCF7,1.00E-13,0
Channel_1-25-C-01-00.Bmp,/imaging/analysis/2006_09_29_ScreeningPaper/Vitra/images10X_NoSpaces,Channel_2-25-C-01-00.Bmp,/imaging/analysis/2006_09_29_ScreeningPaper/Vitra/images10X_NoSpaces,C,1,C01,MCF7,1.00E-07,1
Channel_1-26-C-02-00.Bmp,/imaging/analysis/2006_09_29_ScreeningPaper/Vitra/images10X_NoSpaces,Channel_2-26-C-02-00.Bmp,/imaging/analysis/2006_09_29_ScreeningPaper/Vitra/images10X_NoSpaces,C,2,C02,MCF7,3.00E-08,0.5
Channel_1-27-C-03-00.Bmp,/imaging/analysis/2006_09_29_ScreeningPaper/Vitra/images10X_NoSpaces,Channel_2-27-C-03-00.Bmp,/imaging/analysis/2006_09_29_ScreeningPaper/Vitra/images10X_NoSpaces,C,3,C03,MCF7,1.00E-08,0.5
Channel_1-28-C-04-00.Bmp,/imaging/analysis/2006_09_29_ScreeningPaper/Vitra/images10X_NoSpaces,Channel_2-28-C-04-00.Bmp,/imaging/analysis/2006_09_29_ScreeningPaper/Vitra/images10X_NoSpaces,C,4,C04,MCF7,3.00E-09,0.5
Channel_1-29-C-05-00.Bmp,/imaging/analysis/2006_09_29_ScreeningPaper/Vitra/images10X_NoSpaces,Channel_2-29-C-05-00.Bmp,/imaging/analysis/2006_09_29_ScreeningPaper/Vitra/images10X_NoSpaces,C,5,C05,MCF7,1.00E-09,0.5
Channel_1-30-C-06-00.Bmp,/imaging/analysis/2006_09_29_ScreeningPaper/Vitra/images10X_NoSpaces,Channel_2-30-C-06-00.Bmp,/imaging/analysis/2006_09_29_ScreeningPaper/Vitra/images10X_NoSpaces,C,6,C06,MCF7,3.00E-10,0.5
Channel_1-31-C-07-00.Bmp,/imaging/analysis/2006_09_29_ScreeningPaper/Vitra/images10X_NoSpaces,Channel_2-31-C-07-00.Bmp,/imaging/analysis/2006_09_29_ScreeningPaper/Vitra/images10X_NoSpaces,C,7,C07,MCF7,1.00E-10,0.5
Channel_1-32-C-08-00.Bmp,/imaging/analysis/2006_09_29_ScreeningPaper/Vitra/images10X_NoSpaces,Channel_2-32-C-08-00.Bmp,/imaging/analysis/2006_09_29_ScreeningPaper/Vitra/images10X_NoSpaces,C,8,C08,MCF7,3.00E-11,0.5
Channel_1-33-C-09-00.Bmp,/imaging/analysis/2006_09_29_ScreeningPaper/Vitra/images10X_NoSpaces,Channel_2-33-C-09-00.Bmp,/imaging/analysis/2006_09_29_ScreeningPaper/Vitra/images10X_NoSpaces,C,9,C09,MCF7,1.00E-11,0.5
Channel_1-34-C-10-00.Bmp,/imaging/analysis/2006_09_29_ScreeningPaper/Vitra/images10X_NoSpaces,Channel_2-34-C-10-00.Bmp,/imaging/analysis/2006_09_29_ScreeningPaper/Vitra/images10X_NoSpaces,C,10,C10,MCF7,3.00E-12,0.5
Channel_1-35-C-11-00.Bmp,/imaging/analysis/2006_09_29_ScreeningPaper/Vitra/images10X_NoSpaces,Channel_2-35-C-11-00.Bmp,/imaging/analysis/2006_09_29_ScreeningPaper/Vitra/images10X_NoSpaces,C,11,C11,MCF7,1.00E-12,0.5
Channel_1-36-C-12-00.Bmp,/imaging/analysis/2006_09_29_ScreeningPaper/Vitra/images10X_NoSpaces,Channel_2-36-C-12-00.Bmp,/imaging/analysis/2006_09_29_ScreeningPaper/Vitra/images10X_NoSpaces,C,12,C12,MCF7,1.00E-13,0
Channel_1-37-D-01-00.Bmp,/imaging/analysis/2006_09_29_ScreeningPaper/Vitra/images10X_NoSpaces,Channel_2-37-D-01-00.Bmp,/imaging/analysis/2006_09_29_ScreeningPaper/Vitra/images10X_NoSpaces,D,1,D01,MCF7,1.00E-07,1
Channel_1-38-D-02-00.Bmp,/imaging/analysis/2006_09_29_ScreeningPaper/Vitra/images10X_NoSpaces,Channel_2-38-D-02-00.Bmp,/imaging/analysis/2006_09_29_ScreeningPaper/Vitra/images10X_NoSpaces,D,2,D02,MCF7,3.00E-08,0.5
Channel_1-39-D-03-00.Bmp,/imaging/analysis/2006_09_29_ScreeningPaper/Vitra/images10X_NoSpaces,Channel_2-39-D-03-00.Bmp,/imaging/analysis/2006_09_29_ScreeningPaper/Vitra/images10X_NoSpaces,D,3,D03,MCF7,1.00E-08,0.5
Channel_1-40-D-04-00.Bmp,/imaging/analysis/2006_09_29_ScreeningPaper/Vitra/images10X_NoSpaces,Channel_2-40-D-04-00.Bmp,/imaging/analysis/2006_09_29_ScreeningPaper/Vitra/images10X_NoSpaces,D,4,D04,MCF7,3.00E-09,0.5
Channel_1-41-D-05-00.Bmp,/imaging/analysis/2006_09_29_ScreeningPaper/Vitra/images10X_NoSpaces,Channel_2-41-D-05-00.Bmp,/imaging/analysis/2006_09_29_ScreeningPaper/Vitra/images10X_NoSpaces,D,5,D05,MCF7,1.00E-09,0.5
Channel_1-42-D-06-00.Bmp,/imaging/analysis/2006_09_29_ScreeningPaper/Vitra/images10X_NoSpaces,Channel_2-42-D-06-00.Bmp,/imaging/analysis/2006_09_29_ScreeningPaper/Vitra/images10X_NoSpaces,D,6,D06,MCF7,3.00E-10,0.5
Channel_1-43-D-07-00.Bmp,/imaging/analysis/2006_09_29_ScreeningPaper/Vitra/images10X_NoSpaces,Channel_2-43-D-07-00.Bmp,/imaging/analysis/2006_09_29_ScreeningPaper/Vitra/images10X_NoSpaces,D,7,D07,MCF7,1.00E-10,0.5
Channel_1-44-D-08-00.Bmp,/imaging/analysis/2006_09_29_ScreeningPaper/Vitra/images10X_NoSpaces,Channel_2-44-D-08-00.Bmp,/imaging/analysis/2006_09_29_ScreeningPaper/Vitra/images10X_NoSpaces,D,8,D08,MCF7,3.00E-11,0.5
Channel_1-45-D-09-00.Bmp,/imaging/analysis/2006_09_29_ScreeningPaper/Vitra/images10X_NoSpaces,Channel_2-45-D-09-00.Bmp,/imaging/analysis/2006_09_29_ScreeningPaper/Vitra/images10X_NoSpaces,D,9,D09,MCF7,1.00E-11,0.5
Channel_1-46-D-10-00.Bmp,/imaging/analysis/2006_09_29_ScreeningPaper/Vitra/images10X_NoSpaces,Channel_2-46-D-10-00.Bmp,/imaging/analysis/2006_09_29_ScreeningPaper/Vitra/images10X_NoSpaces,D,10,D10,MCF7,3.00E-12,0.5
Channel_1-47-D-11-00.Bmp,/imaging/analysis/2006_09_29_ScreeningPaper/Vitra/images10X_NoSpaces,Channel_2-47-D-11-00.Bmp,/imaging/analysis/2006_09_29_ScreeningPaper/Vitra/images10X_NoSpaces,D,11,D11,MCF7,1.00E-12,0.5
Channel_1-48-D-12-00.Bmp,/imaging/analysis/2006_09_29_ScreeningPaper/Vitra/images10X_NoSpaces,Channel_2-48-D-12-00.Bmp,/imaging/analysis/2006_09_29_ScreeningPaper/Vitra/images10X_NoSpaces,D,12,D12,MCF7,1.00E-13,0